{
  "_id": {
    "$binary": {
      "base64": "cT3FF7L7Sr25zHScJBCXBA==",
      "subType": "04"
    }
  },
  "birth": "2000-10-17",
  "birthUnknown": false,
  "citizenship": "BE",
  ,
  ,
  "comments": "Valid",
  "createDate": "2000-10-17T12:31:26.000",
  "criticalSubjectInformationUnavailable": false,
  "documentUpdatedBy": "bd478e8f-4024-393a-b129-9f843b630e21",
  "documentUpdatedDate": "2025-05-06T13:07:32.426",
  "employer": "BANK_A",
  "entity": false,
  "exemptCDD": false,
  "exemptSanctions": false,
  "externalId": "907",
  "firstName": "Fausto",
  "fullName": "Fausto Andy Vivyan",
  "gender": "A",
  "internalEmployee": false,
  "is314B": false,
  "isCustomer": true,
  "lastName": "Vivyan",
  "maritalStatus": "D",
  "middleName": "Andy",
  "nationality": "GD",
  "negativeNews": true,
  "occupation": "Mechanical Engineer",
  "ofac": true,
  "pep": false,
  "residency": "BA",
  "serviceType": [
    "DEBIT CARD"
  ],
  "sicCode": "2193",
  "socCode": "11-1234",
  "subpoena": false,
  "teamCode": "SQUAD-2",
  "tin": "2005049059",
  "tinType": "ITN",
  "transactionalCountries": [
    "US",
    "CA",
    "IR"
  ],
  "closeDate": null,
  "emails": [
    {
      "emailId": "87186",
      "emailAddress": "languedlorelei@hotmail.co.uk",
      "isPrimary": true
    }
  ],
  "identificationDocuments": [
    {
      "type": "P",
      "typeNormalized": "Utility statement",
      "identification": "2281",
      "typeDescription": "valid",
      "issuingState": "British Columbia",
      "issuingCountry": "CA",
      "expirationDate": "2028-08-28",
      "comments": "None",
      "externalId": "212942",
      "auditId": {
        "$binary": {
          "base64": "YQsoBfOuRhe/QOjk/HVtIw==",
          "subType": "04"
        }
      }
    }
  ]
}